trial_id,label,num_generations,success
277,control,45,true
152,no_elitism,77,true
283,control,102,true
0,control,84,true
402,no_partials,195,true
545,no_crossover,300,false
536,no_crossover,300,false
134,control,26,true
411,no_elitism,300,false
268,control,99,true
18,control,28,true
274,no_partials_no_speciation,300,false
146,no_crossover,300,false
530,no_crossover,300,false
155,no_speciation,25,true
21,no_partials_no_speciation,300,false
548,no_crossover,300,false
3,no_elitism,300,false
271,no_elitism,77,true
149,control,52,true
12,control,24,true
280,no_elitism,48,true
137,no_speciation,25,true
527,no_crossover,300,false
533,no_crossover,300,false
265,no_partials_no_speciation,300,false
539,no_crossover,300,false
15,no_speciation,25,true
408,no_partials,300,false
9,control,61,true
405,no_partials_no_speciation,300,false
396,no_partials_no_speciation,300,false
6,no_speciation,25,true
417,no_partials,300,false
414,no_partials_no_speciation,300,false
143,control,33,true
542,no_crossover,300,false
24,control,26,true
399,no_crossover,300,false
286,no_crossover,300,false
140,no_speciation,25,true
563,no_partials,300,false
167,no_speciation,25,true
310,no_partials,300,false
304,no_crossover,300,false
33,no_speciation,25,true
39,control,17,true
170,no_speciation,25,true
426,no_partials_no_speciation,300,false
551,no_crossover,300,false
179,control,19,true
560,no_partials,215,true
301,no_elitism,63,true
176,no_partials,300,false
554,no_partials,300,false
158,no_speciation,25,true
441,no_partials_no_speciation,300,false
435,no_crossover,300,false
30,no_speciation,25,true
164,no_partials_no_speciation,300,false
423,no_elitism,139,true
173,no_speciation,25,true
161,no_speciation,25,true
438,no_elitism,300,false
295,no_partials,300,false
289,control,17,true
566,no_partials,300,false
429,no_crossover,300,false
298,no_partials_no_speciation,300,false
569,no_partials,300,false
557,no_partials,300,false
36,no_speciation,25,true
307,no_elitism,300,false
292,no_partials_no_speciation,300,false
27,no_speciation,25,true
420,no_elitism,44,true
572,no_partials,300,false
48,no_crossover,300,false
45,no_partials_no_speciation,300,false
432,no_elitism,37,true
42,no_elitism,232,true
590,no_crossover,300,false
331,no_crossover,300,false
456,no_partials_no_speciation,300,false
182,no_speciation,25,true
453,no_partials,209,true
188,control,42,true
69,control,46,true
584,no_partials_no_speciation,300,false
63,no_speciation,25,true
57,control,31,true
54,no_speciation,25,true
334,no_elitism,35,true
72,no_crossover,300,false
593,no_partials_no_speciation,300,false
313,no_crossover,300,false
462,no_partials_no_speciation,300,false
185,control,22,true
447,no_elitism,108,true
319,no_elitism,181,true
578,no_partials,130,true
316,no_partials_no_speciation,300,false
465,no_partials_no_speciation,300,false
459,no_partials,300,false
450,no_crossover,300,false
587,no_partials_no_speciation,300,false
596,no_crossover,300,false
581,no_partials_no_speciation,300,false
200,no_partials,300,false
66,no_elitism,161,true
60,control,77,true
444,no_crossover,300,false
203,no_elitism,67,true
191,control,37,true
322,no_crossover,300,false
197,no_speciation,25,true
325,no_elitism,300,false
575,no_partials,300,false
328,no_partials_no_speciation,300,false
194,control,20,true
51,no_speciation,25,true
486,no_partials_no_speciation,300,false
224,no_elitism,77,true
468,no_partials_no_speciation,300,false
87,no_speciation,25,true
81,no_elitism,300,false
209,no_crossover,300,false
471,no_partials_no_speciation,300,false
93,no_speciation,25,true
212,control,18,true
227,no_elitism,37,true
337,no_crossover,300,false
489,no_partials_no_speciation,300,false
599,no_partials_no_speciation,300,false
474,no_partials_no_speciation,300,false
358,no_partials,300,false
480,no_partials_no_speciation,300,false
221,no_crossover,300,false
483,no_partials_no_speciation,300,false
206,no_partials_no_speciation,300,false
349,no_elitism,80,true
96,control,39,true
218,control,21,true
477,no_partials_no_speciation,300,false
215,control,28,true
346,no_partials,300,false
90,control,29,true
340,no_partials,300,false
355,no_elitism,300,false
352,no_crossover,300,false
84,no_speciation,25,true
75,no_speciation,25,true
343,no_partials_no_speciation,300,false
78,control,24,true
364,no_elitism,51,true
233,control,88,true
114,control,36,true
370,no_partials,300,false
242,control,42,true
510,no_partials_no_speciation,300,false
501,no_partials_no_speciation,300,false
385,no_partials,300,false
498,no_partials_no_speciation,300,false
361,no_partials_no_speciation,300,false
117,no_speciation,25,true
495,no_partials_no_speciation,300,false
373,no_elitism,300,false
376,no_partials_no_speciation,300,false
504,no_partials_no_speciation,300,false
251,control,207,true
111,no_elitism,46,true
239,control,28,true
230,no_partials,300,false
99,no_speciation,25,true
379,no_elitism,300,false
105,no_speciation,25,true
245,no_crossover,300,false
492,no_partials_no_speciation,300,false
507,no_partials_no_speciation,300,false
120,no_speciation,25,true
367,no_elitism,51,true
513,no_partials_no_speciation,300,false
516,no_partials_no_speciation,300,false
236,control,34,true
248,control,24,true
108,control,31,true
382,no_partials_no_speciation,300,false
102,no_speciation,25,true
135,no_speciation,25,true
16,no_speciation,25,true
406,no_elitism,75,true
397,no_elitism,63,true
272,control,125,true
525,no_partials_no_speciation,300,false
522,no_partials_no_speciation,300,false
260,no_elitism,300,false
391,no_partials_no_speciation,300,false
141,control,22,true
534,no_partials_no_speciation,300,false
394,no_partials,300,false
519,no_partials_no_speciation,300,false
13,no_speciation,25,true
263,control,300,false
4,no_partials,300,false
129,no_elitism,289,true
269,no_partials,300,false
10,no_speciation,25,true
147,control,42,true
132,no_speciation,25,true
126,no_speciation,25,true
537,no_partials_no_speciation,300,false
400,no_partials_no_speciation,300,false
528,no_partials_no_speciation,300,false
123,no_speciation,25,true
257,no_elitism,77,true
275,no_crossover,300,false
409,no_crossover,300,false
540,no_partials_no_speciation,300,false
266,no_crossover,300,false
531,no_partials_no_speciation,300,false
7,no_speciation,101,true
144,no_partials_no_speciation,300,false
254,no_crossover,300,false
388,no_elitism,300,false
138,control,40,true
278,control,76,true
403,no_partials,300,false
1,no_speciation,25,true
418,no_crossover,300,false
159,no_speciation,25,true
421,no_elitism,30,true
412,no_partials,300,false
296,no_elitism,52,true
299,no_crossover,300,false
290,control,72,true
552,no_partials_no_speciation,300,false
34,no_speciation,25,true
284,no_partials_no_speciation,300,false
555,no_crossover,300,false
25,no_speciation,25,true
546,no_partials_no_speciation,300,false
558,no_crossover,300,false
171,control,103,true
415,no_elitism,53,true
28,no_elitism,210,true
293,no_crossover,300,false
543,no_partials_no_speciation,300,false
433,no_elitism,151,true
549,no_partials_no_speciation,300,false
153,no_speciation,25,true
427,no_elitism,300,false
40,control,23,true
168,no_speciation,25,true
287,control,76,true
150,no_speciation,25,true
37,no_speciation,25,true
281,control,26,true
156,no_speciation,25,true
561,no_crossover,300,false
564,no_crossover,300,false
424,no_partials,300,false
22,no_elitism,65,true
19,no_speciation,25,true
302,no_elitism,251,true
165,no_speciation,25,true
31,control,69,true
430,no_partials_no_speciation,300,false
162,no_speciation,25,true
64,no_speciation,25,true
573,no_crossover,300,false
448,no_elitism,300,false
46,no_partials,300,false
582,no_crossover,300,false
52,control,47,true
323,no_elitism,69,true
576,no_crossover,300,false
55,control,24,true
43,control,27,true
451,no_partials_no_speciation,300,false
457,no_elitism,56,true
183,control,23,true
436,no_partials_no_speciation,300,false
58,no_speciation,25,true
317,no_crossover,300,false
314,no_partials,300,false
49,no_speciation,25,true
567,no_crossover,300,false
180,no_speciation,25,true
189,no_crossover,300,false
177,no_speciation,25,true
570,no_crossover,300,false
174,no_elitism,300,false
186,no_partials_no_speciation,300,false
305,no_partials,300,false
588,no_crossover,300,false
439,no_partials,300,false
326,no_partials,300,false
195,no_speciation,25,true
61,no_speciation,25,true
579,no_crossover,300,false
192,no_speciation,25,true
311,no_elitism,300,false
445,no_partials_no_speciation,300,false
442,no_elitism,130,true
454,no_crossover,300,false
320,no_partials,300,false
585,no_crossover,300,false
308,no_partials_no_speciation,300,false
338,no_partials_no_speciation,300,false
460,no_elitism,300,false
201,control,20,true
73,no_speciation,25,true
591,no_partials_no_speciation,300,false
335,no_elitism,300,false
475,no_partials,300,false
198,control,39,true
347,no_crossover,300,false
341,no_elitism,71,true
88,control,22,true
594,no_crossover,300,false
597,no_partials_no_speciation,300,false
481,no_partials,300,false
76,no_speciation,16,true
332,no_partials_no_speciation,300,false
466,no_partials,300,false
213,control,19,true
207,control,27,true
344,no_elitism,97,true
216,control,38,true
219,control,89,true
469,no_partials,300,false
472,no_partials,300,false
67,no_speciation,25,true
70,no_partials_no_speciation,300,false
329,no_elitism,187,true
82,no_speciation,25,true
463,no_partials,300,false
350,no_partials,300,false
85,no_speciation,25,true
79,no_speciation,25,true
210,control,115,true
204,control,23,true
478,no_partials,300,false
222,control,25,true
368,no_elitism,60,true
109,no_speciation,25,true
499,no_partials,300,false
505,no_partials,300,false
243,no_partials_no_speciation,300,false
487,no_partials,300,false
228,no_elitism,108,true
97,no_speciation,25,true
356,no_crossover,300,false
362,no_partials,300,false
484,no_partials,300,false
496,no_partials,300,false
502,no_partials,300,false
103,control,16,true
240,control,49,true
234,no_crossover,300,false
374,no_partials,300,false
231,control,16,true
493,no_partials,300,false
91,no_speciation,25,true
353,no_partials_no_speciation,300,false
365,no_crossover,300,false
371,no_crossover,300,false
112,no_speciation,25,true
100,control,53,true
490,no_partials,300,false
359,no_elitism,300,false
225,control,22,true
106,no_elitism,55,true
94,no_partials_no_speciation,300,false
237,control,72,true
118,control,164,true
380,no_partials,300,false
529,no_partials,300,false
270,no_elitism,36,true
124,no_crossover,300,false
127,no_partials,300,true
2,no_crossover,300,false
517,no_partials,238,true
392,no_elitism,28,true
389,no_partials,300,false
398,no_partials,106,true
383,no_elitism,48,true
258,no_partials,300,false
386,no_crossover,300,false
136,control,21,true
267,no_elitism,151,true
5,no_partials_no_speciation,300,false
377,no_elitism,44,true
520,no_partials,300,false
121,no_partials_no_speciation,300,false
246,control,29,true
255,control,300,false
395,no_crossover,300,false
252,no_partials,300,false
249,control,38,true
115,no_elitism,56,true
511,no_partials,272,true
514,no_partials,300,false
139,no_speciation,25,true
8,control,47,true
130,no_speciation,25,true
508,no_partials,300,false
523,no_partials,300,false
401,no_elitism,300,false
532,no_partials,300,false
133,no_speciation,25,true
261,no_crossover,300,false
526,no_partials,300,false
264,no_partials,203,true
550,no_partials,300,false
279,no_partials,300,false
425,no_crossover,300,false
541,no_partials,300,false
419,no_partials_no_speciation,300,false
407,no_elitism,300,false
157,no_elitism,300,false
282,no_elitism,191,true
291,no_partials,300,false
148,no_speciation,25,true
553,no_partials,104,true
404,no_crossover,300,false
547,no_partials,300,false
14,control,67,true
538,no_partials,300,false
154,control,300,false
556,no_partials_no_speciation,300,false
276,control,21,true
535,no_partials,300,false
32,no_speciation,25,true
29,no_speciation,25,true
163,no_speciation,25,true
544,no_partials,300,false
422,no_elitism,46,true
26,control,75,true
17,no_speciation,25,true
273,no_elitism,181,true
142,no_speciation,25,true
294,no_elitism,53,true
410,no_partials_no_speciation,300,false
23,no_crossover,300,false
145,no_speciation,25,true
285,control,25,true
413,no_crossover,300,false
288,no_elitism,300,false
160,no_speciation,25,true
11,no_speciation,25,true
416,no_elitism,256,true
20,no_partials,300,false
151,no_partials,300,false
44,no_speciation,25,true
568,no_partials_no_speciation,300,false
580,no_partials,300,false
41,no_speciation,25,true
315,no_elitism,84,true
440,no_crossover,300,false
303,no_partials_no_speciation,300,false
562,no_partials_no_speciation,300,false
175,no_speciation,17,true
187,no_speciation,25,true
443,no_partials,300,false
184,no_speciation,25,true
178,no_speciation,25,true
431,no_elitism,70,true
169,no_partials,86,true
312,no_partials_no_speciation,300,false
574,no_partials_no_speciation,300,false
47,control,22,true
35,control,66,true
181,control,30,true
309,no_crossover,300,false
318,no_elitism,62,true
38,no_speciation,25,true
437,no_elitism,197,true
434,no_partials,300,false
53,no_speciation,25,true
428,no_partials,300,false
446,no_elitism,46,true
300,no_partials,300,false
306,no_elitism,54,true
559,no_partials_no_speciation,300,false
565,no_partials_no_speciation,300,false
50,control,37,true
571,no_partials_no_speciation,300,false
166,no_crossover,300,false
172,no_speciation,25,true
449,no_partials,300,false
577,no_partials_no_speciation,300,false
56,no_speciation,25,true
297,no_elitism,300,false
68,no_speciation,25,true
595,no_partials_no_speciation,300,false
458,no_elitism,65,true
193,no_speciation,25,true
59,no_speciation,25,true
211,no_elitism,300,false
586,no_partials,300,false
62,no_elitism,39,true
336,no_partials,300,false
321,no_partials_no_speciation,300,false
470,no_crossover,300,false
202,control,65,true
71,no_partials,300,false
327,no_crossover,300,false
80,control,26,true
190,no_speciation,25,true
583,no_partials,300,false
77,no_speciation,25,true
461,no_crossover,300,false
467,no_crossover,300,false
339,no_elitism,104,true
342,no_crossover,300,false
455,no_elitism,83,true
333,no_elitism,86,true
473,no_crossover,300,false
330,no_partials,300,false
205,control,22,true
65,control,52,true
324,no_elitism,38,true
452,no_elitism,48,true
199,no_elitism,89,true
208,no_elitism,82,true
464,no_crossover,300,false
598,no_crossover,300,false
74,control,47,true
589,no_partials_no_speciation,300,false
592,no_crossover,300,false
196,control,41,true
235,no_elitism,123,true
482,no_crossover,300,false
479,no_crossover,300,false
351,no_elitism,300,false
83,control,65,true
86,control,34,true
214,no_partials,60,true
494,no_crossover,300,false
226,control,81,true
360,no_crossover,300,false
104,control,35,true
357,no_partials_no_speciation,300,false
232,no_partials_no_speciation,300,false
95,no_partials,300,false
229,control,66,true
345,no_elitism,300,false
488,no_crossover,300,false
92,control,24,true
476,no_crossover,300,false
485,no_crossover,300,false
223,control,37,true
363,no_elitism,59,true
217,no_partials,300,false
98,no_crossover,300,false
497,no_crossover,300,false
354,no_partials,300,false
101,no_speciation,25,true
348,no_partials_no_speciation,300,false
366,no_partials_no_speciation,300,false
491,no_crossover,300,false
89,no_speciation,25,true
220,no_partials_no_speciation,300,false
378,no_partials,131,true
238,no_elitism,300,false
524,no_crossover,300,false
125,no_speciation,25,true
381,no_crossover,300,false
393,no_elitism,300,false
250,no_elitism,300,false
241,no_partials,300,false
506,no_crossover,300,false
500,no_crossover,300,false
113,no_speciation,25,true
119,no_elitism,107,true
515,no_crossover,300,false
259,no_partials_no_speciation,300,false
253,no_partials_no_speciation,300,false
387,no_partials_no_speciation,300,false
131,control,54,true
521,no_crossover,300,false
390,no_crossover,300,false
384,no_elitism,300,false
128,no_speciation,25,true
122,no_partials,77,true
375,no_crossover,300,false
262,control,41,true
518,no_crossover,300,false
503,no_crossover,300,false
244,control,19,true
509,no_crossover,300,false
116,no_speciation,25,true
369,no_elitism,300,false
107,no_speciation,25,true
256,no_elitism,70,true
110,control,50,true
247,control,66,true
372,no_partials_no_speciation,300,false
512,no_crossover,300,false
